Name,ShortName,Variant,Set,num_cores,dataset/size,prefetchers,repetitions,time_s,o=inst_count_gi,c=inst_rate_gi/s,Rate[Fp]_GFLOP/s,orig_flop_rate_gflop/s,iop_rate_giop/s,cvtop_rate_gcvtop/s,memop_rate_gmemop/s,Count[Ops[Vec]]_%,%inst[vec],Count[Ops[FMA]]_%,%inst[fma],Count[Ops[DIV]]_%,%inst[div],%ops[sqrt],%inst[sqrt],%ops[rsqrt],%inst[rsqrt],%ops[rcp],%inst[rcp],Count[Ops[CVT]]_%,%inst[cvt],VecType[Ops],%misp_branches,executed/retired_uops,Rate[L2]_GB/s,Rate[L3]_GB/s,Rate[RAM]_GB/s,Rate[L1]_GB/s,register_addr_rate_gb/s,register_data_rate_gb/s,Rate[Reg[Simd]]_GB/s,register_rate_gb/s,Stall[RS]_%,Stall[LB]_%,Stall[SB]_%,Stall[ROB]_%,Stall[PRF]_%,Stall[LM]_%,Stall[ANY]_%,Stall[FE]_%,timestamp#,source_name,maxmem_rate_gb/s,memlevel,apptime_s,%coverage,speedup[vec],speedup[dl1],ddg_true_cyclic,ddg_artifical_cyclic,limits,Src[Exp[RhsOpCount]],init_only,scalar_reduction,Src[Expr[Recurrence]],offsets,Src[Expr[CluScore]]
polybench_4.1: correlation.c_init_array_line35_0,crr35,ORIG,BENEFITTING,1,10000,0,4000,0.001108108,0.002259023,2.038631055,3.032196601,3.032196601,1.516098301,0.75804915,1.516098301,100,100,57.14285714,33.33333333,0,0,0,0,0,0,0,0,14.28571429,33.33333333,YMM=100.0%,1.284791125,1.000827972,24.40991388,29.71391526,20.40710763,12.1287864,8.338540653,0.75804915,115.2234708,124.3200606,0.233762838,0.003246382,81.404021,0.02700525,0.014621078,0.00067802,81.65808682,16.64745806,1598749668,,29.71391526,L3,0.001108108,0.019810053,1.166666667,5.577857143,FALSE,FALSE,"[1399, 1199]",3,TRUE,FALSE,FALSE,[],"[0.125, 1.0]"
polybench_4.1: correlation.c_init_array_line35_8,crr35,JL0F4,BENEFITTING,1,10000,0,4082,0.000968639,0.001923526,1.985802889,3.468783875,3.032196601,1.083994961,0.867195969,1.734391937,100,100,57.14285714,33.33333333,0,0,0,0,0,0,0,0,14.28571429,33.33333333,YMM=100.0%,0.671984657,0.999539665,28.06825268,35.06767225,23.35507901,13.8751355,8.238361703,0.433597984,116.2042598,124.8762195,0.651767363,0.003564934,80.10641243,0.024108334,0.011670693,0.000845941,80.91358824,17.21291423,1598749668,,35.06767225,L3,0.000968639,0.017316725,1.25,5.461016,,,,,,,,,
polybench_4.1: correlation.c_init_array_line35_jl0f4_tl1s128_tl2s128,crr35,JL0F4;TL1S128;TL2S128,BENEFITTING,1,10000,0,40000,0.000155129,0.000601901,3.880008279,5.940867296,3.032196601,1.85652103,1.485216824,2.970433648,100,100,57.14285714,33.33333333,0,0,0,0,0,0,0,0,14.28571429,33.33333333,YMM=100.0%,0.185209796,0.98981444,47.78394326,51.52950682,0.008685798,23.76346919,14.10955983,0.742608412,199.0190544,213.8712227,3.443424984,0.000799183,63.50918392,0.013942676,0.007933549,0.000492743,66.60243817,29.47987465,1598749668,,51.52950682,L3,0.000155129,0.002773297,1.25,3.188616,,,,,,,,,
polybench_4.1: symm.c_init_array_line37_jl0f4_tl1s128_tl2s128,sym37,JL0F4;TL1S128;TL2S128,BENEFITTING,1,10000,0,4000,0.001120019,0.003680496,3.286100366,1.319977193,1.345417852,7.259874564,0.659988597,2.639954387,100,100,0,0,0,0,0,0,0,0,0,0,14.28571429,25,YMM=100.0%,0.976551227,1.000754483,21.73789789,27.68484082,12.23550322,21.1196351,6.064180937,0.261424055,216.4762597,222.8018647,6.017638226,0.003180277,66.6630454,0.017932609,0.217925278,0.001184075,71.50565271,26.0844258,1598749668,,27.68484082,L3,0.001120019,0.020023004,1,3.203348794,,,,,,,,,
polybench_4.1: symm.c_init_array_line37_0,sym37,ORIG,BENEFITTING,1,10000,0,4000,0.001783832,0.005968725,3.346012154,1.345417852,1.345417852,7.399798187,0.672708926,2.690835704,100,100,0,0,0,0,0,0,0,0,0,0,14.28571429,25,YMM=100.0%,1.275278847,1.001321834,21.5428106,25.69902178,21.41019936,21.52668564,6.390734798,0.336354463,220.6485278,227.375617,5.935344426,0.003602807,67.52050601,0.011858825,0.00925617,0.001372329,72.09705609,26.70497031,1598749668,,25.69902178,L3,0.001783832,0.031890239,1,3.142807143,FALSE,FALSE,"[999, 1199]",7,TRUE,FALSE,FALSE,[],"[0.125, 1.0]"
polybench_4.1: symm.c_init_array_line37_8,sym37,JL0F4,BENEFITTING,1,10000,0,4000,0.0014535,0.005831925,4.012332301,1.651186791,1.345417852,9.081527348,0.825593395,3.302373581,100,100,0,0,0,0,0,0,0,0,0,0,14.28571429,25,YMM=100.0%,0.682281795,1.001129295,26.5261406,34.28009564,26.20035501,26.41898865,7.223942208,0.206398349,270.7946336,278.2249742,18.13496325,0.003449624,49.01207793,0.013048981,0.033253999,0.000934966,66.02536924,32.42632599,1598749668,,34.28009564,L3,0.0014535,0.025984762,1,2.56075,,,,,,,,,
polybench_4.1: gemver.c_kernel_gemver_line112_jl0f4_tl1s128_tl2s128,gmv112,JL0F4;TL1S128;TL2S128,BENEFITTING,1,10000,0,5000,0.000844331,0.005224059,6.187219673,6.026075221,6.272227382,0.151599377,0,3.107787221,43.56846473,18.51126347,35.26970954,27.13026445,0,0,0,0,0,0,0,0,0,0,YMM=38.7%,0.811661879,1.003640995,22.81088872,33.09611905,10.49331508,24.86229777,59.33220603,10.10030847,98.84279356,168.2753081,28.57936008,15.25928682,0.008539942,0.025520768,2.030488619,0.32028409,45.6168317,48.40235727,1598749668,,33.09611905,L3,0.000844331,0.015094414,2.5,1.859413571,,,,,,,,,
polybench_4.1: gemver.c_kernel_gemver_line112_0,gmv112,ORIG,BENEFITTING,1,10000,0,4000,0.001913196,0.003341575,1.746593185,6.272227382,6.272227382,0,0,4.181484922,100,100,20,11.11111111,0,0,0,0,0,0,0,0,0,0,YMM=100.0%,0.772568041,0.999641771,17.22885205,28.5774181,16.77061651,33.45187937,15.68056846,1.04537123,100.3556381,117.0815778,78.42052101,0.003274302,0.007690009,0.015895834,3.21232659,0.027702688,81.14457661,14.12708728,1598749668,,33.45187937,L1,0.001913196,0.034202918,1,3.5393,TRUE,TRUE,"[1999, 1999]",3,FALSE,FALSE,FALSE,['0'],"[0.2222222222222222, 1.0]"
polybench_4.1: gemver.c_kernel_gemver_line112_8,gmv112,JL0F4,BENEFITTING,1,10000,0,4000,0.001723095,0.01551265,9.002784901,6.964214291,6.272227382,0.290175595,0,2.611580359,0,0,48.48484848,32,0,0,0,0,0,0,0,0,0,0,SC=100.0%,0.053778077,1.00110397,21.73066983,32.70307084,18.62071556,20.89264287,51.0709048,9.285619054,113.7488334,174.1053573,13.00113721,23.62958315,0.007445551,0.014615662,0.006492263,0.052198031,36.33551625,58.8212227,1598749668,,32.70307084,L3,0.001723095,0.030804406,4,1.416722222,,,,,,,,,
NPB_2.3-OpenACC-C: bt.c_compute_rhs_line2133_0,rhs2133,ORIG,BENEFITTING,1,10000,0,4000,0.001542032,0.011426491,7.410019616,5.783328384,5.783328384,0.072291605,0,6.506244432,11.76470588,7.692307692,35.29411765,23.07692308,0,0,0,0,0,0,0,0,0,0,SC=100.0%,0.036728392,0.987220324,18.65275546,26.06115243,18.83832702,52.04995545,42.79663004,5.204995545,121.4498961,169.4515216,17.17598328,21.62689279,0.0062227,0.015122878,0.007732362,18.46528985,50.7493015,48.84625154,1598749668,,52.04995545,L1,0.001542032,0.02756749,3.5,1.462314286,FALSE,FALSE,"[61, 61, 57, 4]",9,FALSE,FALSE,FALSE,['0'],"[0.125, 0.125, 0.125, 1.0]"
NPB_2.3-OpenACC-C: bt.c_compute_rhs_line2133_15,rhs2133,JL2F2,BENEFITTING,1,10000,0,4000,0.001364566,0.005133949,3.762332059,7.189018642,5.783328384,0.040846697,0,4.411443257,81.69014085,52.38095238,53.52112676,33.33333333,0,0,0,0,0,0,0,0,0,0,YMM=81.4%,0.071305836,0.999476187,21.04611088,30.77255069,21.38327847,35.29154606,16.99222588,2.940962172,141.1661842,161.0993723,41.26622079,30.38876904,0.006745133,0.015330753,0.007108002,4.770220649,74.3761744,24.28840494,1598749668,,35.29154606,L1,0.001364566,0.02439485,1.44,4.117190909,,,,,,,,,
