name,short_name,variant,num_cores,dataset/size,prefetchers,repetitions,vectype[ops],time_s,o=inst_count_gi,c=inst_rate_gi/s,%misp_branches,executed/retired_uops,register_addr_rate_gb/s,register_data_rate_gb/s,register_simd_rate_gb/s,register_rate_gb/s,l1_rate_gb/s,l2_rate_gb/s,l3_rate_gb/s,ram_rate_gb/s,flop_rate_gflop/s,iop_rate_giop/s,%ops[vec],%inst[vec],%ops[fma],%inst[fma],%prf,%sb,%rs,%lb,%rob,%lm,%frontend,ddg_true_cyclic,ddg_artifical_cyclic,limits,rhs_op_count,init_only,int_inst_ratio,speedup
libraries_default: dct.c_compute_mse_line8488_8,ms8488,JL0F4,1,10000,0,1600000,YMM=98.7%,4.60E-06,5.50E-05,11.96034486,0.002341884,0.920447782,86.38682414,4.45292908,398.9824455,489.8221988,142.4937305,7.402200719,0.001727493,0.006823654,21.37405958,0.278308067,1,1,0.363636364,0.222222222,0.003982799,1.33E-05,0.028132433,0.029049796,0.002403544,0.007696527,0.624312692,,,,,,0.013020833,
NPB_2.3-OpenACC-C: convect.c_convect_line223_36,cnv223,JL0F4;ID3O2,1,10000,0,160000000,YMM=79.7%,3.79E-08,4.51E-07,11.90060778,5.78E-05,0.897715275,83.3568009,1.582724068,432.6112452,517.5507702,131.8936723,0.003478989,0.002676123,0.00683086,16.48670904,0.065946836,0.8,0.5625,0.4,0.25,5.99E-05,0.086783437,0.010148911,5.99E-07,6.11E-05,1.38E-06,0.846895548,,,,,,0.004,
NPB_2.3-OpenACC-C: sp.c_rhs_norm_line264_3,nrm264,JL1F2,1,10000,0,16000,YMM=1.3%,0.000429843,0.004909337,11.42122244,0.015788188,1.004529535,99.20574446,3.770824312,139.9812999,242.9578687,23.26865935,25.08862871,34.44823949,5.356345391,5.817164837,0.009306877,0.008465608,0.006246901,0.336507937,0.199233716,0.041292488,0.00020155,0.015985151,0.164892945,0.002034078,0.014405185,0.744562343,,,,,,0.001599899,
polybench_4.1: atax.c_init_array_line34_0,tx34,UNCH,1,10000,0,16000000,XMM=0.2%;YMM=99.8%,3.19E-07,2.58E-06,8.082338268,0.006915719,0.99610502,23.22304031,3.331892515,420.9708408,447.5257736,52.60882918,0.005170476,0.002315226,0.006821317,13.1522073,3.29431478,1,1,0.666666667,0.5,5.15E-05,0.00012893,0.355837115,3.35E-06,0.000136351,1.36E-06,0.612754059,0,0,[2099],2,1,0.25047619,
ASC-llnl_v1.0: Crystal_div.c_Crystal_div_line43_0,dv43,UNCH,1,10000,0,228571429,XMM=0.8%;YMM=99.2%,1.93E-08,2.20E-07,11.38738216,1.64E-05,0.954490975,31.04708388,2.897727829,371.7370843,405.6818961,82.79222368,0.003457274,0.002650522,0.006821228,10.34902796,2.58725699,1,1,0.5,0.333333333,5.21E-05,0.00081696,0.173214618,2.90E-06,0.000141665,1.39E-06,0.576888383,,,[99],3,1,0.25,
ASC-llnl_v1.0: Crystal_pow.c_Crystal_pow_line32_0,pw32,UNCH,1,10000,0,228571429,XMM=1.3%;YMM=98.7%,1.95E-08,2.19E-07,11.22195399,1.61E-05,0.953887587,30.73566223,2.868661808,327.0274461,360.6317702,81.96176594,0.003411061,0.002615302,0.006815344,5.122610371,2.561305186,1,1,0,0,5.02E-05,0.000634094,0.184340595,2.93E-06,0.000136362,1.41E-06,0.571101832,,,[99],3,1,0.5,
NPB_2.3-OpenACC-C: diffuse.c_laplacian_line190_0,lpl190,UNCH,1,10000,0,32000000,YMM=76.2%,1.30E-07,1.74E-06,13.37101187,0.006338196,0.936002127,92.0307391,11.50384239,191.7307064,295.2652879,84.36151084,0.003505696,0.002769048,0.006838939,9.586535322,0.479326766,0.761904762,0.285714286,0.476190476,0.285714286,4.74E-05,1.68E-05,0.000178814,3.03E-06,0.000139943,1.45E-06,0.71251276,1,1,"[4, 4, 4, 4]",2,0,0.05,
NPB_2.3-OpenACC-C: diffuse.c_laplacian_line201_0,lpl201,UNCH,1,10000,0,32000000,YMM=76.2%,1.29E-07,1.69E-06,13.08002213,0.006337318,0.947237176,92.67642309,11.58455289,193.0758814,297.3368574,84.95338783,0.004871351,0.003937247,0.006867341,9.653794072,0.482689704,0.761904762,0.285714286,0.476190476,0.285714286,9.00E-05,0.000144299,0.000200329,9.08E-07,0.000178812,1.99E-06,0.717831991,1,1,"[4, 4, 4, 4]",2,0,0.05,
spec2006_v1.1: cont_mgau.c_mgau_eval_line604_0,vl604,UNCH,1,10000,0,160000000,YMM=82.1%,3.33E-08,2.81E-07,8.436979896,2.18E-05,0.942261277,34.33598944,2.641229957,226.7856085,263.7628279,23.41090189,0.002833847,0.002265277,0.006809788,8.193815661,0,0.820512821,0.416666667,0.421052632,0.218978102,0.079342816,0.000126761,0.201732861,3.14E-06,0.000190423,1.16E-06,0.59216765,1,1,[38],8,0,0,
spec2006_v1.1: cont_mgau.c_mgau_eval_line652_0,vl652,UNCH,1,10000,0,228571429,YMM=82.1%,1.89E-08,1.90E-07,10.06601241,1.46E-05,0.903898324,41.9446312,4.660514577,219.0441851,265.6493309,24.78546389,0.003493735,0.00277277,0.006827672,7.229093634,0,0.820512821,0.443181818,0.328205128,0.098765432,0.003137408,1.63E-05,0.185767166,2.88E-06,0.000203052,1.47E-06,0.626220862,1,1,[38],4,0,0,
TSVC_default: tsc.c_s315_line3566_0,s315,UNCH,1,10000,0,533334,YMM=97.8%,8.35E-06,8.01E-05,9.593125139,0.000280614,0.999973935,23.00601576,15.33734384,506.1323468,544.4757064,46.01203152,30.78058635,0.006301081,0.006851713,0,21.56813978,1,1,0,0,6.09E-05,2.19E-05,0.285352318,3.12E-06,0.000173072,2.23E-06,0.680076479,0,0,[31999],2,1,#DIV/0!,
TSVC_default: tsc.c_set1ds_line100_0,st1ds,UNCH,1,10000,0,1600000,YMM=99.5%,3.78E-06,3.00E-05,7.942346913,0.001038875,0.99990499,16.92190057,8.460950285,541.5008182,566.8836691,33.84380114,68.13173083,0.059227532,0.00682995,21.15237571,4.362677491,1,1,0.666666667,0.5,0.004220099,0.000293606,0.27948291,3.10E-06,0.001569156,1.87E-06,0.661011741,0,0,[31999],2,1,0.20625,
TSVC_default: tsc.c_set1d_line82_0,st1d,UNCH,1,10000,0,1600000,YMM=99.5%,3.78E-06,3.00E-05,7.94240367,0.001038924,0.99990499,16.9220215,8.461010748,541.5046879,566.8877201,33.84404299,68.12040613,0.033093369,0.006837174,21.15252687,4.362708667,1,1,0.666666667,0.5,0.004232178,0.000249476,0.27948062,3.31E-06,0.001560485,2.10E-06,0.661016465,0,0,[31999],2,1,0.20625,
TSVC_default: tsc.c_set1d_line86_0,st1d,UNCH,1,10000,0,800000,YMM=99.6%,5.13E-06,3.40E-05,6.631915599,0.001073743,0.999918468,12.46637291,6.233186453,473.7221705,492.4217298,24.93274581,50.19338091,0.031065977,0.006870243,15.58296613,6.330579992,1,1,0.666666667,0.5,5.44E-05,2.35E-05,0.366599807,2.99E-06,0.000149983,2.39E-06,0.592258003,0,0,[31999],4,1,0.40625,
